AA,Hydrophobicity,Volume,Polarity,Charge,Flexibility,Aromaticity,Helix,Sheet
A,1.8,88.6,8.1,0,0.36,0,1.45,0.97
R,-4.5,173.4,10.5,1,0.53,0,0.98,0.90
N,-3.5,114.1,11.6,0,0.46,0,0.67,0.89
D,-3.5,111.1,13.0,-1,0.51,0,1.01,0.54
C,2.5,108.5,5.5,0,0.35,0,0.77,1.30
Q,-3.5,143.8,10.5,0,0.49,0,1.11,1.10
E,-3.5,138.4,12.3,-1,0.50,0,1.51,0.37
G,-0.4,60.1,9.0,0,0.54,0,0.57,0.75
H,-3.2,153.2,10.4,0.1,0.32,1,1.00,0.87
I,4.5,166.7,5.2,0,0.46,0,1.08,1.60
L,3.8,166.7,4.9,0,0.37,0,1.34,1.22
K,-3.9,168.6,11.3,1,0.47,0,1.23,0.74
M,1.9,162.9,5.7,0,0.30,0,1.20,1.67
F,2.8,189.9,5.2,0,0.31,1,1.12,1.28
P,-1.6,112.7,8.0,0,0.51,0,0.59,0.62
S,-0.8,89.0,9.2,0,0.51,0,0.79,0.72
T,-0.7,116.1,8.6,0,0.44,0,0.82,1.20
W,-0.9,227.8,5.4,0,0.31,1,1.14,1.19
Y,-1.3,193.6,6.2,0,0.42,1,0.61,1.29
V,4.2,140.0,5.9,0,0.39,0,1.06,1.70